first_name,last_name,birth_year,height,weight,salary
Stormy,Denton,1951,156.369,89.3077,74288
Kassi,Fisher,1960,168.04,97.3547,63826
Sally,Gibbs,1970,155.036,77.4501,72532
Gavra,McCall,2010,192.722,96.3151,33458
Madeleine,Austin,1969,189.454,53.6205,76062
Farica,Adams,1987,177.321,89.6143,71146
Ola,Herring,1953,181.23,94.0968,65136
Rosanna,Graves,2000,188.208,74.0815,48906
Vivie,Crowder,1951,173.714,84.2768,52420
Stella,Grossman,1978,199.396,86.0563,77043
Willi,Golden,1958,163.154,54.9338,57343
Caitlin,Austin,2006,154.989,93.9989,56818
Deena,Winstead,1975,151.439,95.6948,50126
Ofella,Singh,2004,174.023,73.7309,66701
Sherill,Hill,1952,180.918,56.7309,71027
Seka,Hurley,1998,177.388,73.87,54158
Berta,Randall,1966,163.421,74.2722,65993
Ardath,Powell,1964,154.915,67.8453,65887
Starlene,Godwin,1977,186.982,66.7213,77256
Doreen,McNeill,1998,195.688,64.0005,52087
Aarika,Brown,1952,173.201,67.5909,72910
Merrill,Mercer,1988,181.145,96.0678,37772
Nonie,Bunn,1963,155.917,79.6743,71842
Rhoda,Terrell,2005,155.025,77.847,40126
Renae,Tyson,2007,173.256,95.2072,62121
Anitra,Gordon,1957,182.347,70.8765,30118
Sarine,Beck,2008,191.299,54.9175,56205
Lissy,Peele,1954,178.477,95.5007,30953
Ardyth,Collier,1997,170.921,93.5427,62178
Aurelea,Ramsey,1965,178.258,99.9174,32460
Olenka,Nelson,1968,193.961,89.3044,34925
Ardine,Atkinson,1961,164.09,83.9536,79977
Catrina,Freedman,1965,155.624,68.9651,53257
Abigail,Oliver,1951,179.944,90.4502,62608
Ashil,Greenberg,1975,161.763,75.0211,44518
Valerie,Martinez,2000,177.571,71.5926,64404
Georgina,Patel,1960,190.029,84.4352,65308
Janette,Chambers,2001,186.519,57.7704,41682
Elane,Lamb,1999,196.654,84.2197,44042
Bebe,Bell,1979,193.27,53.5662,63040
Louise,Lam,1950,193.403,80.2352,57268
Vevay,Gross,1994,152.415,93.8059,68668
Florri,Koch,2004,158.814,81.3729,78631
Berny,Jennings,1953,165.341,69.8048,54420
Gaylene,Rosenthal,1992,180.381,95.0135,76430
Carena,Richardson,1989,154.44,71.1217,52468
Flossi,Schneider,1985,196.773,75.1622,69218
Traci,Carson,2009,160.807,76.7246,63016
Ashlee,Doyle,1965,177.966,63.8187,51775
Rafaelita,Justice,1997,181.28,77.7478,71511
Ann,Moon,1988,150.267,79.4054,58737
Whitney,Wolfe,1952,182.952,91.5277,39493
Kristy,Cook,1970,184.51,65.5442,48533
Christan,Bray,2002,171.229,74.9416,36252
Bell,Sims,1968,185.119,73.3869,69470
Rochella,Douglas,1986,198.148,75.8623,62671
Ruperta,Patrick,1999,174.7,86.4081,57349
Amye,Richardson,2004,191.703,94.5105,42628
Gianina,Osborne,1955,180.972,51.716,71562
Hope,Lee,1984,184.292,60.0593,68676
Olenka,Daniel,1967,155.305,63.2865,46058
Joey,Reilly,2007,180.095,64.6638,65140
Paulita,Gibbons,1983,153.393,82.4384,77536
Danyelle,Kern,1989,159.647,66.9229,59847
Jenine,Winstead,1996,159.359,54.3429,48036
Lona,Dyer,1971,173.031,61.167,74208
Elly,Buchanan,2009,177.451,56.4059,65941
Sisely,Horn,2005,170.344,72.9688,67445
Ronnie,Connor,1980,155.946,76.7305,64867
Maggy,Barnett,1979,194.632,76.2292,65421
Beverlie,Silverman,1995,171.522,76.0248,43250
Sileas,Bass,1950,153.847,85.646,77328
Kerrie,Vincent,1953,194.021,94.4273,60517
Briana,Bean,1982,170.815,98.606,72528
Bambi,Lynch,2010,158.489,67.6826,53529
Letty,Cunningham,1967,180.515,87.6071,43582
Shelbi,Harding,1951,154.874,70.5645,55425
Juline,Cheek,1952,153.948,74.7433,62597
Melany,Larson,1994,182.888,74.6213,59410
Kimberly,Ingram,1960,150.997,83.5517,64008
Lottie,Harper,1976,153.997,69.0874,44033
Becky,House,1991,199.092,75.4039,43587
Prissie,Wiley,1972,176.906,91.1716,73996
Collen,Logan,1976,162.956,63.8982,54957
Gweneth,Howard,2004,187.445,75.0619,75727
Kristal,Owens,1981,189.987,56.6893,46202
Hazel,Bynum,1973,171.862,95.3349,73489
Domini,Shelton,1966,168.575,70.9721,32629
Amity,Kemp,1962,175.238,65.5858,42529
Ariella,Chu,2008,192.924,88.5467,33034
Nola,Murray,1955,165.736,98.2108,37322
Dorri,Buck,1957,184.936,92.5478,49940
Tessie,Xu,1988,178.014,88.7402,30508
Bennie,Walton,2009,169.017,86.2452,71996
Kristel,Pridgen,1957,188.706,71.5379,51255
Liza,Garner,1951,150.726,95.336,65551
Margarete,Cowan,1981,189.435,63.2724,64660
Crystie,Everett,1979,187.433,66.7737,62574
Jacklyn,Duke,1996,184.022,73.182,50560
Suki,Daniels,1990,195.194,64.8041,36832
Ailey,Marshall,1951,184.85,79.7538,59017
Merridie,Reynolds,1995,156.368,77.6473,67254
Clarey,Dorsey,2004,196.972,95.0811,73690
Cthrine,Connor,2008,160.268,50.7012,42134
Mandie,Peacock,1975,185.096,62.8757,36799
Patrizia,McPherson,1974,160.81,75.2637,47007
Delphine,Cheek,1985,162.259,67.4472,47304
Wanda,Price,1986,182.937,95.0197,69647
Beatriz,Cline,1999,183.582,81.5741,56224
Jerrie,Kaufman,1951,183.133,71.0367,78599
Lettie,Weeks,1985,168.194,72.4414,34088
Calypso,Jacobson,1998,183.976,53.6081,41569
Gilbertine,Goodwin,1969,169.174,79.7244,35590
Elisha,Ferguson,1976,190.483,79.3535,50850
Randa,Kang,1987,159.608,81.9308,44294
Doro,Kumar,1964,184.396,65.307,50112
Elita,Newman,1987,183.597,94.9417,73660
Norri,Whitfield,1955,187.168,70.8278,53090
Orelee,Buck,1980,193.313,64.2672,38259
Rana,Townsend,1973,152.08,84.6461,45197
Darcy,O'Neal,1994,176.154,52.032,42552
Rosina,Blackwell,1959,153.644,76.8506,44322
Rosmunda,Bauer,2010,165.821,73.0574,32314
Freddie,Norton,2001,153.348,88.0815,47462
Zarah,Petersen,1989,199.923,75.2543,38440
Morgen,Lee,1954,178.02,81.4299,31616
Audre,Pearson,1977,179.279,95.376,71490
Malorie,Arthur,2010,197.9,69.3934,59847
Raquela,Faircloth,1980,194.246,68.7846,58332
Luz,Sigmon,1954,186.321,66.548,48510
Rubie,Kinney,1972,196.642,95.2079,67966
Verla,Blalock,1969,159.298,70.1061,48517
Jaquelin,Moon,1982,171.817,89.0351,72600
Vivienne,Meyer,1994,160.125,56.8134,70168
Sharl,Hurley,1971,155.46,97.1128,65305
Rea,Murphy,1971,177.767,83.4824,32720
Betty,Hahn,1986,177.031,80.8945,53279
Pet,Perez,1956,156.594,59.3056,41383
Corabel,Hobbs,1955,183.006,73.7615,49397
Mignonne,McDaniel,1987,176.021,65.2059,47391
Berta,Rosenthal,2003,180.343,59.3654,44601
Hendrika,Reed,1996,182.687,64.3225,77694
Emilee,Weinstein,1997,167.932,65.0613,51774
Elenore,Glover,2004,173.814,53.6417,78316
Helen,Singh,1971,184.245,78.3464,78358
Dodi,Horton,1967,177.878,73.7034,62964
Zaneta,Stafford,1979,173.335,94.9495,36906
Becki,May,1953,199.538,69.0408,39208
Annmarie,Wilkerson,1971,173.715,94.7086,30625
Lilia,Williamson,1985,180.76,78.2544,71145
Inessa,Kumar,1971,151.08,59.2946,75989
Dorrie,Lamm,1995,155.64,83.0172,70895
Cammy,Pittman,1982,154.568,85.2496,64247
Alice,Fitzgerald,1999,182.283,89.8557,32155
Grayce,Baxter,2008,164.487,54.737,62139
Francine,McMahon,1952,170.368,81.3929,60571
Allie,Keith,1974,168.583,76.2244,79747
Pam,Wolfe,2008,161.261,95.1469,42048
Lolita,Weber,1984,155.963,88.8182,70030
Tessi,Stout,2002,158.568,88.7247,50195
Anestassia,Chase,2001,154.615,92.6617,39661
Peggi,Francis,1958,167.236,57.8183,52742
Linnie,Middleton,1975,194.172,70.4042,31172
Calley,Harrell,2008,158.712,82.141,61036
Alfreda,Mack,1988,173.87,66.0458,71743
Mariellen,Pridgen,1991,191.505,55.1882,78035
Lib,Branch,1970,183.017,54.9453,50339
Emmye,Lynch,1994,176.352,89.207,53826
Lenette,Graham,1966,156.607,55.9114,61142
Lorine,Lehman,1962,165.203,63.9832,64098
Golda,Dougherty,1997,158.575,76.2076,60181
Kylen,Beard,1979,192.762,99.9315,45202
Elbertine,Pennington,2003,178.884,64.1721,61776
Tabina,Ferrell,1999,199.621,73.9059,61266
Ibby,Morrison,1972,166.535,76.9171,30830
Flss,Richards,1957,186.106,78.9599,59715
Filide,Kern,1953,189.034,84.0358,42915
Patrizia,James,1958,196.049,87.6608,42816
Cissy,Wright,1962,175.678,54.7552,37417
Claudina,Norton,1965,159.852,59.2268,50645
Andriette,Rice,1982,181.409,70.176,52930
Star,Li,1968,169.102,55.7287,40238
Dniren,Price,2007,162.216,61.7894,57882
Theresina,Wade,1993,193.133,52.8552,45261
Lissy,Aycock,1986,184.826,91.3286,34384
Lorraine,Schwartz,2006,169.129,60.6844,70193
Allina,Gross,1971,153.336,71.9235,76781
Ruthann,Haas,2001,169.196,83.6435,51610
Karleen,Hauser,1991,199.619,71.0301,41304
Haley,Forbes,1989,174.57,67.047,74249
Drusilla,Hoyle,1978,179.998,96.9288,50117
Rosabel,Branch,1990,179.448,67.062,48636
Jemima,Bowman,1961,192.143,57.4151,39258
Lorraine,Scarborough,1970,198.444,64.6511,69425
Brianne,Barton,1980,190.523,96.7237,46317
Doria,Frye,1962,171.237,91.9892,62411
Eveleen,Vaughn,2008,151.731,59.5717,57312
Betsy,Stuart,1962,184.677,76.0298,49469
Roberta,Park,1964,150.567,55.0686,75106
Barbra,Griffin,1979,155.827,53.0464,37720
Corene,Page,1988,191.043,61.3812,45671
Paola,Crowder,1976,184.238,63.2223,37612
Jerrine,Schroeder,2008,171.507,77.9252,48748
Dynah,Whitaker,1991,164.715,72.6386,66117
Paulette,Cannon,2004,170.291,95.5171,44747
Minnaminnie,Li,1966,180.989,90.8355,60687
Pansy,Stanton,1972,166.812,74.3089,33819
Theodosia,Richardson,1951,193.62,85.9046,61024
Hyacintha,Clements,2009,179.702,80.7144,44004
Joann,Gregory,1996,166.758,64.1358,38967
Gaynor,Rich,1991,167.185,87.8759,76580
Nessi,McIntyre,1999,194.767,76.3902,54770
Maggie,Newton,1965,189.821,51.6904,37879
Indira,Henderson,1996,157.773,69.3033,48048
Blondelle,Carr,1955,182.379,94.578,60285
Gillie,Mayo,1990,161.696,95.2022,77072
Helga,McKnight,1970,178.375,66.1163,55951
Malissa,Lehman,1962,173.969,79.2204,43216
Moyna,Riley,2008,173.843,80.4859,60489
Lotte,Hogan,2003,157.588,88.0311,47814
Atlante,Reynolds,1974,178.899,74.105,62813
Annnora,Mack,1964,172.093,91.1071,38207
Josee,Rodriguez,1960,163.766,58.2826,67068
Jennette,Zhao,1962,163.25,80.4406,37382
Anna-Diane,Bloom,1959,189.217,63.9055,71345
Faina,Schmidt,1961,193.498,57.9885,41415
Margy,Chappell,1965,168.687,73.4626,47988
Iona,Phelps,1970,178.929,54.5875,56005
Claudetta,Smith,2000,190.93,80.9792,72801
Dianne,Pugh,1989,159.461,90.8541,75228
Elisabetta,Knowles,2007,198.585,73.5473,50664
Jessi,Reed,1983,158.88,97.9837,65123
Diann,Blanchard,1983,164.271,98.6871,76234
Wendie,Hartman,1952,164.362,56.5878,77610
Tina,Roberts,1956,166.424,83.8663,53009
Abagail,Whitfield,1957,158.867,70.3879,34709
Inessa,Curry,1981,162.541,73.9805,37863
Donelle,Randall,1988,192.234,63.1362,40565
Natalee,Rubin,2009,188.1,83.0333,66228
Rosalyn,Harrington,1960,153.745,52.466,50599
Lethia,Capps,1969,193.597,70.4446,59994
Blakelee,Tan,1972,163.03,59.6576,65878
Vernice,Lopez,1962,152.619,78.5324,49205
Enrica,Page,1983,167.702,95.2214,69843
Noelyn,Fitzgerald,1982,153.973,51.0728,33244
Opaline,Gay,2001,194.463,81.0411,73972
Aigneis,Hale,1976,151.842,82.2142,72503
Barbara-Anne,Barbee,2001,154.743,98.6688,58132
Yvonne,Sherman,2007,159.874,51.5591,40539
Laetitia,Conrad,1990,151.402,88.6908,51044
Avrit,Lyons,1975,197.024,51.2048,75859
Wendeline,Hardison,1955,183.157,53.5937,57971
Dorine,McKenna,1971,159.683,85.9482,35473
Clerissa,Bowden,1998,165.52,91.1976,41366
Ansley,Hall,1989,187.168,73.5569,39113
Emera,Ball,1959,197.488,99.9948,38210
Audie,Wong,1983,165.997,78.2129,69552
Oralia,Morrow,1967,152.646,56.1125,36567
Aime,High,1984,192.616,70.1421,57801
Cinda,Becker,1951,189.587,54.0226,38415
Kacie,Rosenthal,1954,187.839,69.7,66442
Gizela,Starr,1952,160.404,97.6024,64484
Dix,Lam,1972,161.683,51.4527,59934
Barb,Allred,1967,158.515,99.3359,42320
Aurora,Kelly,2003,188.332,65.8083,58508
Esme,Rao,1980,169.842,91.1318,58215
Claribel,Best,1951,193.536,98.4398,68647
Violetta,Hogan,1954,179.709,66.8547,70848
Augustina,O'Neal,2003,191.964,79.2529,75486
Marianne,Galloway,2004,161,77.9671,57815
Karolina,Sykes,1979,186.909,55.4634,39686
Cindelyn,Mullen,1986,163.145,63.047,38170
Jeniffer,Sharp,1976,155.074,93.0741,64182
Chloe,Schwartz,2007,160.455,59.8853,31196
Dode,Garner,1957,184.402,93.0616,65085
Veronica,Hoover,1978,196.026,58.2636,54818
Milly,Rhodes,1976,170.519,97.9488,71631
Henrie,Tuttle,2000,181.175,56.2472,36968
Nanete,Dawson,1950,167.953,70.4201,38165
Jolie,Whitehead,2009,160.522,52.2451,58300
Marena,Baker,1954,195.029,90.6712,75003
Nyssa,McMahon,1960,185.306,65.6482,38252
Jennette,Atkins,1992,175.577,95.2019,50379
Kristyn,Kern,1977,175.286,86.8208,70808
Lanae,Carey,1991,152.385,71.9972,61116
Fran,Jiang,1989,159.267,81.5002,41401
Franni,Griffith,1968,199.065,95.7812,59020
Chrysa,Bush,1999,174.209,80.1693,50967
Chanda,Kay,2005,180.361,80.8835,46445
Rozalie,Pruitt,1954,186.793,52.526,33548
Leah,Pate,1957,155.465,66.8079,72125
Issi,Massey,1982,155.712,99.8205,49249
Shea,Randall,1953,160.042,56.699,55314
Blinny,Nance,2009,167.635,56.5814,77512
Sascha,Hodge,2007,191.764,81.5855,63219
Selma,Mack,1990,197.866,91.0156,45522
Kandace,Lawrence,1992,199.177,71.2764,77094
Alica,Connor,1987,154.785,59.109,60412
Kerri,Bridges,1960,191.232,98.4012,31119
Rosy,Lucas,1953,177.681,59.7119,72066
Merla,Murphy,1959,180.697,83.9659,69447
Sheelagh,Knight,2009,189.066,87.3851,71912
Davita,Dougherty,1982,194.701,72.2442,34347
Fawn,Golden,2001,184.118,88.9041,49285
Franni,Hensley,1969,151.906,56.4088,41684
Sibeal,Upchurch,1985,172.42,51.8738,48720
Beverie,Weiner,1983,186.799,95.3419,75099
Fanny,Barber,1974,156.072,68.7444,77170
Zorah,McNeill,1980,165.077,81.8085,46927
Sarah,Stephens,1970,170.443,85.5443,33188
Lyn,Nolan,1989,164.557,89.6818,62211
Kay,Kirkland,1956,188.824,99.2896,59671
Ulrikaumeko,Morton,1984,172.606,50.1399,61132
Felita,Houston,1990,181.873,75.5674,47612
Chrysler,Reynolds,1956,150.357,87.7703,36643
Georgeanna,Bradshaw,1976,181.861,77.9691,36830
Fawn,Boyle,2008,162.74,79.6855,74942
Jesse,Hahn,1953,163.477,55.0684,60587
Clementina,Hatcher,1977,163.845,89.7032,76238
Maris,Lutz,1975,192.642,58.871,59300
Mignon,Meadows,1972,190.817,90.824,67979
Wenona,Hoover,1979,178.893,95.2705,62072
Kanya,Lynn,1952,172.12,82.9992,38694
Adena,Riggs,2001,193.593,96.6356,31841
Gae,Middleton,1984,192.869,63.449,57320
Joby,Moon,2008,196.646,86.5412,59060
Lurette,Desai,1972,163.641,90.8337,52508
Mariska,Powell,1967,166.59,91.6164,45359
Glory,Blair,1965,160.18,74.8302,35095
Kaitlin,Kirby,1999,178.332,82.6758,63256
Camilla,Peck,1981,153.177,79.522,71570
Merla,Ivey,1988,157.39,91.9053,48408
Legra,Nolan,1998,165.439,93.2583,78740
Valry,Hanson,1986,169.783,95.3584,48845
Harriott,Blackwell,1974,174.594,92.7298,45072
Stesha,Kessler,1990,159.172,95.1673,65844
Lorie,Wise,1979,167.748,61.9763,74404
Rhodia,Lane,1983,167.275,83.3776,57875
La Verne,Boone,1985,170.072,54.0154,35081
Carmita,Coates,1973,156.292,66.0911,36780
Anthiathia,Gold,1959,189.885,98.9255,52743
Gabriell,Nash,2010,159.195,99.9694,40211
Seka,Craft,1961,157.064,59.93,48263
Karyn,Crabtree,1968,166.917,94.3951,40705
Esmeralda,Osborne,1991,183.803,64.0428,60979
Xena,Woodruff,1963,159.786,74.3787,60961
Marysa,Schwarz,1960,160.528,58.5577,78919
Monica,Ballard,1992,157.263,73.1165,69392
Mildred,Watts,1967,164.883,82.0182,71330
Kippy,Meyers,2003,160.225,79.4688,68764
Ginni,Yates,2007,199.86,69.5663,63286
Yoshiko,Song,1993,162.506,85.2928,77566
Ruthanne,Finch,1981,160.563,67.9717,52212
Randie,Holloway,1982,179.978,75.0932,56918
Emyle,Nelson,1956,189.407,84.8972,68879
Norean,Merritt,2007,180.581,62.4485,70388
Brenda,McNamara,1978,166.56,63.0601,31577
Silva,Deal,2001,176.876,53.9671,37786
Paulita,Corbett,1960,165.046,79.0121,59013
Dorri,Hawley,1978,188.858,94.0142,62212
Annabelle,Kerr,1978,187.13,59.4543,62152
Goldarina,Stephens,1950,167.253,78.9944,61615
Tamera,McFarland,1968,187.347,70.2784,56876
Blanche,Zimmerman,1996,173.784,77.9086,39880
Marlo,Dodson,2008,165.815,54.8491,62075
Ellen,Beasley,1955,154.054,64.106,62421
Cacilie,Pridgen,2005,183.665,55.7081,50247
Jessika,Carpenter,1952,191.886,73.8023,72862
Charlene,Beck,1995,185.991,76.4319,61788
Miof Mela,Terrell,1973,167.568,94.8003,33712
Eustacia,Adkins,1962,167.875,78.3361,55306
Aurelie,Weeks,1997,172.47,66.4031,45306
Isobel,Goldman,2006,152.671,55.7986,40140
Danielle,Todd,1991,182.385,94.1049,47056
Ladonna,Giles,1980,165.877,80.547,43399
Adrianne,Thompson,2002,171.187,61.7432,70238
Bernice,Schaefer,1957,162.75,84.7794,33952
Bliss,Bates,2003,160.119,85.4973,35310
Genny,Cline,1955,193.502,77.7344,69312
Anthea,Kearney,1993,191.857,75.2335,30181
Rosetta,Schwartz,1977,182.501,74.5494,30264
Maybelle,Dickens,1957,183.654,63.2452,78634
Grazia,Giles,1984,172.851,94.192,60908
Candide,Mercer,1973,180.963,83.8066,67473
Shandy,Adkins,1961,173.238,56.817,41938
Sarah,Hawley,1953,178.604,76.4506,40908
Gwen,Foley,2005,170.714,86.6342,61413
Netta,Lanier,1987,172.02,99.4318,71947
Rebekah,Hwang,1960,195.324,79.2564,69795
Hadria,Singleton,1982,170.778,65.4324,69732
Evania,King,1997,177.063,87.0214,39815
Janelle,McPherson,1993,155.875,98.8755,77758
Katey,Sellers,1972,194.822,78.2952,67075
Harmonie,Green,1989,177.018,58.9566,64857
Heath,Faulkner,1985,171.786,84.9529,68632
Mathilde,Carroll,1970,189.922,54.1059,37295
Constantia,Dickens,1979,197.441,52.2835,45121
Ingrid,Choi,1950,151.361,78.6466,62849
Breanne,Schaefer,2002,162.324,90.7701,34898
Fanechka,Goodwin,2008,153.188,65.3125,47493
Heda,Brennan,1977,186.062,86.5403,41931
Dolly,Sawyer,1955,159.805,99.3346,67874
Larine,Boyle,1968,184.137,76.2513,45263
Shalna,Pappas,1969,186.277,63.5532,61797
Hope,Garner,2010,175.927,89.1905,42332
Kizzee,Perkins,1970,197.062,90.6323,41163
Xenia,Sawyer,1983,184.656,55.3036,72271
Ame,Daly,1964,151.104,78.9864,30927
Kris,Cheek,2010,157.807,66.1768,74979
Roda,Capps,1983,180.404,88.2819,39629
Caryn,Callahan,1998,189.305,64.2665,76679
Jillie,Jones,1959,165.996,66.3184,43561
Dell,Crane,1994,170.152,53.9498,57529
Therese,Stafford,1982,186.412,54.6643,72629
Wandis,Francis,2006,186.759,79.9153,32371
Wandis,Peck,1994,199.515,73.7724,64522
Dorolisa,Michael,2000,182.376,93.2207,33080
Philippa,Massey,1953,199.022,82.1336,42247
Salaidh,Atkins,2000,194.289,91.0272,58300
Mary,York,1990,197.19,60.0397,37656
Eugenie,Abrams,1974,152.977,67.652,51068
Maryanne,Avery,1970,183.519,62.4569,41177
Jeannie,Callahan,1999,179.967,85.011,64866
Colleen,Carson,1975,164.579,94.4517,32037
Malina,McFarland,1978,166.255,88.8757,38729
Camile,Wagner,1986,189.984,51.9246,76030
Lauree,Holt,1979,186.984,57.5083,79709
Gwenette,Perkins,1960,197.727,52.0147,63106
Mikaela,Benson,1954,182.001,95.333,64212
Britte,Farrell,1978,195.911,97.2919,52548
Junette,Garrett,2006,180.658,60.3449,43397
Margo,Maxwell,1960,168.114,71.955,45749
Marcelle,Zhang,2000,181.132,66.7509,62561
Casey,Mayer,2001,164.817,84.3369,40365
Brunhilde,Vick,1955,160.555,63.4647,59693
Danni,Kim,1956,175.575,61.1819,30558
Kerstin,Lam,1999,194.73,54.5053,55833
Nada,Howell,2010,197.84,53.2855,47597
Lelah,Cameron,2008,179.485,71.3623,31717
Corliss,Morse,1951,159.059,95.1356,72162
Rosanna,Flowers,1985,160.926,53.305,53991
Rebecka,Olsen,1987,158.118,97.3596,74524
Vinnie,House,1968,162.729,66.7365,32857
Berrie,Malone,1992,189.795,69.1318,51697
Carmon,Lam,1959,162.916,69.0525,77743
Nissie,Frye,1999,183.44,59.7237,53261
Rochette,Brennan,2006,167.46,53.8429,65184
Virginia,Nixon,1950,170.95,95.7415,31771
Ermina,Berger,1962,172.7,77.0674,45354
Doretta,Wiggins,2009,194.318,82.9867,34291
Lilian,Huang,1987,171.09,95.8452,36492
Ginelle,Glover,2010,157.121,51.0047,74708
Elfrieda,Swanson,1974,156.787,92.2449,76437
Devonna,Cash,1982,193.375,79.1965,64303
Martie,Rollins,1955,170.422,89.4626,55080
Izabel,Garcia,1970,199.696,92.8061,34946
Arleta,Parsons,1987,182.546,67.9157,66704
Maria,Rubin,1978,167.951,50.9428,49768
Carla,Warren,1976,195.794,85.901,65344
Roanne,Hodges,2001,195.908,87.1994,58265
Tanya,Coates,1964,162.536,74.8482,39755
Amberly,Pierce,1962,163.076,84.457,68004
Jeana,Cox,1985,168.454,96.2452,56627
Shoshana,Poe,1981,163.931,71.447,63246
Andi,Morris,1981,158.646,79.4912,37578
Anabel,Fleming,1969,166.219,88.2213,75454
Mariam,Bowles,1994,197.522,58.4849,45353
Adey,Cameron,1997,190.071,91.3946,73199
Belvia,Douglas,1976,192.713,65.4873,45128
Tamiko,Dickson,1982,154.458,63.8852,37546
Maryl,Quinn,1988,199.409,87.6135,78467
Mehetabel,Vick,1979,179.684,60.7,37204
Elbertine,Farmer,1986,193.349,72.1858,77773
Mirabel,Flowers,1971,175.892,51.5762,32837
Ira,Herbert,1956,196.445,83.5599,66354
Aurore,Oliver,1975,151.386,86.6274,52328
Gertrudis,Kemp,1996,160.336,84.9913,41492
Mollee,Dickson,1979,194.051,82.1189,37063
Lexis,Underwood,2005,192.566,88.399,31191
Trixie,Hatcher,2009,169.196,62.764,73161
Carmita,Davis,1958,156.821,59.9877,76161
Vinny,Tyson,1967,171.582,51.4081,66165
Anet,Stein,1978,153.314,83.4776,58884
Faye,Shepherd,1992,184.983,75.9492,68571
Vikki,Webb,1989,182.185,71.3633,77223
Ki,Horton,1981,185.304,55.223,63086
Rene,Ayers,2005,157.096,64.349,70184
Carlota,Miller,1952,170.214,65.1103,67877
Sonia,Horn,1985,173.263,65.6291,79313
Paulette,Washington,1990,155.439,92.5866,38323
Barbara,Nash,1963,174.154,52.1556,49485
Evita,Knox,1961,192.92,67.6197,33288
Alia,Davidson,1973,155.757,99.4885,49979
Maurene,Choi,1983,173.339,63.0677,38497
Jolie,McDonald,1969,187.964,79.6836,62452
Ayn,Barr,1996,193.293,95.1892,78803
Theadora,Albright,1975,151.039,53.0663,43486
Harriot,Washington,1963,170.501,56.7202,75147
Maia,Pollock,1987,184.744,64.6489,53129
Dusty,Jordan,1966,163.174,73.2703,53681
Kym,Solomon,1970,165.28,61.2977,33237
Estele,Field,1978,156.535,83.0073,52939
Wenda,Baird,1996,168.538,82.0912,77123
Patty,Hsu,1968,197.06,96.0087,42726
Dyna,Pickett,2007,153.691,50.0216,66904
Leslie,Orr,1975,197.521,81.2254,49553
Sonya,Doyle,1971,159.063,62.7696,47754
Tedi,Marshall,1987,152.821,87.6881,65559
Elysee,Cunningham,1953,174.542,82.9663,76298
Harmonia,Chen,1959,178.479,61.4877,71163
Angel,Alexander,1977,198.891,56.0155,69736
Tracy,Goldberg,1982,181.694,83.7416,44113
Ferdinanda,Hamilton,1953,154.043,92.2929,68054
Carena,Ross,2000,173.112,80.1933,32492
Rafaelia,Barry,2004,159.672,59.3949,70954
Marena,Hancock,2001,156.264,74.9864,51210
Linet,Wheeler,2007,172.126,69.5219,39887
Fanya,Hu,1966,189.874,60.077,73051
Kylila,Shea,1985,189.434,66.7159,66900
Blinny,Stevens,1997,198.257,88.0661,48820
Marcelline,Stephens,2006,172.801,77.7429,49228
Kimberlyn,Johnston,1976,187.474,69.3178,42469
Ranice,Gardner,1996,150.387,91.3793,45757
Selena,Harding,1980,162.394,61.3343,54723
Lianna,Nicholson,1978,159.726,91.6966,33399
Halie,Lang,1995,198.46,83.0824,53406
Fayette,Larson,1960,191.774,99.8773,32639
Avivah,Holland,1990,170.805,60.5075,76445
Leona,Barker,1954,196.1,89.0975,57466
Arleyne,Rhodes,1951,165.122,67.3578,39691
Virginia,House,1978,176.082,95.9364,70028
Jo,Brantley,1954,152.234,53.1451,60118
Tandy,Atkins,1965,196.267,76.2894,32572
Stefania,Moser,2009,155.685,91.9949,53265
Leona,Brown,1997,158.619,52.609,44146
Clemmy,Cox,1956,199.375,54.8898,55362
Gwennie,Aldridge,1977,162.363,91.1595,65895
Lyndsay,Sharp,1952,178.353,68.1191,41712
Auberta,Holloway,2004,160.337,59.7454,65716
Rebecka,Casey,2001,171.361,68.0726,76648
Gayleen,Holt,1985,191.98,97.3655,32990
Bird,York,1999,186.763,95.3638,54734
Edi,Lamb,1991,189.404,74.323,72305
Catie,Hoffman,1995,160.236,97.5917,78777
Marilyn,Block,1983,182.158,91.1071,35051
Berrie,Fitzgerald,1982,171.719,52.3686,79250
Lanna,Horton,1972,150.679,96.0693,56774
Sherrie,Sanders,1991,156.941,64.6257,31919
Debee,Rogers,1971,175.518,71.2054,51096
Rosemonde,McKinney,1991,192.504,60.4066,35878
Gerry,Pate,1993,160.846,78.5822,36123
Bernie,Church,2009,162.091,79.5159,48682
Phillida,Hernandez,2009,199.402,58.6454,59458
Dorena,Walters,1970,153.94,71.6814,57429
Dredi,Stokes,2002,162.539,86.2472,59386
Leona,Ellington,1974,152.233,80.356,74889
Ilka,Conrad,1985,184.343,68.7006,55457
Therese,Ball,1954,176.529,80.616,62680
Cherice,Cummings,1955,176.935,94.8007,54044
Faythe,Small,1988,173.951,70.2095,50284
Miquela,Douglas,2005,158.258,57.8062,68754
Rozella,Harper,1964,167.59,81.5756,74249
Giovanna,Grimes,1952,159.112,64.8361,47311
Corrine,Joseph,2002,159.463,50.4256,37395
Goldy,Rodgers,1984,175.343,86.6383,55800
Morena,Locklear,1983,189.918,85.966,57158
Valaria,Wade,1977,166.014,63.2187,43323
Zea,Stephens,1962,161.422,81.8468,33616
Kass,Hamrick,2009,199.608,97.1959,38578
Winna,Spencer,1979,191.31,52.2682,44254
Zaria,Hayes,1991,190.448,54.7348,64186
Naomi,Khan,1982,183.651,84.0924,40991
Zilvia,Herman,1983,172.125,94.4728,60074
Zulema,Wong,2007,178.266,58.8951,56849
Demeter,Lane,1965,163.763,85.1018,56284
Ainslee,Aycock,1951,176.369,72.2507,50587
Nyssa,Rogers,1966,158.214,77.9159,75795
Elsy,Daly,1986,179.458,90.9454,34945
Myra,Terry,1986,166.598,90.4964,47642
Dania,Connolly,1981,150.661,74.8318,76039
Yoshiko,Teague,1958,150.386,72.074,36715
Melinde,Wheeler,1951,157.276,83.1585,57005
Delcina,Whitehead,1968,175.046,74.9004,43432
Vivianne,Guthrie,1979,161.405,53.9902,59154
Edna,Abbott,1994,186.173,96.8553,39044
Andy,Wright,1961,160.96,86.7414,42556
Cassandry,Aldridge,1982,195.342,57.8044,38715
Valeda,Boyle,1977,189.847,86.5721,69034
Tiphanie,Porter,1981,160.027,71.5763,57854
Dodie,Coates,1951,153.478,56.7554,52166
Kora,Hamilton,1959,151.413,76.3512,40497
Jessalyn,Kim,1957,197.022,74.5657,76157
Winna,Perry,2004,177.409,98.1521,50276
Hyacintha,Liu,2004,166.315,95.3833,57318
Kerstin,Walter,1984,192.777,89.5482,43380
Jewell,Stevenson,2003,182.005,67.4536,52494
Lanna,Thomson,2007,179.182,50.0068,45272
Denise,Hu,1983,179.135,72.2785,68382
Alys,Griffin,2006,174.306,61.1523,45885
Suellen,Stein,2000,160.813,83.8076,41141
Emmeline,Brantley,1992,172.925,61.5197,62964
Dawn,Siegel,1954,150.74,70.2179,65481
Janene,Frank,1967,180.657,60.6202,67087
Laure,Braun,1961,193.457,99.9251,65708
Theda,Wilkerson,1950,183.612,59.2308,53768
Margery,Hughes,1967,172.746,54.5277,74941
Corinne,Craft,1990,191.945,63.1593,48536
Elisabet,Duke,2010,189.709,53.4666,68774
Jacintha,Ivey,1977,191.284,68.111,55998
Constantina,Gibbons,1982,196.131,94.8639,71250
Astrid,Gupta,1956,160.219,99.6447,44256
Jobi,Hobbs,1995,198.164,72.6602,50384
Vivyanne,Dyer,1981,197.875,91.3567,71170
Alberta,Teague,1963,162.727,53.506,76510
Mady,Lyon,1983,166.731,90.7177,38663
Carlene,Burton,1997,163.078,55.8068,55937
Claude,Mitchell,1970,196.848,64.9327,43083
Annis,Camp,1993,190.747,90.7976,77345
Cristy,Stanton,1959,186.667,63.0159,51440
Ranee,Chan,1957,158.78,82.3019,60905
Marin,Barbour,1960,156.593,59.6214,59051
Martica,Hodge,2005,164.753,63.0459,56467
Zea,Crowell,1998,179.811,52.1879,45479
Robinia,Douglas,1952,176.018,53.6714,73505
Annis,Rivera,1957,176.623,96.27,78681
Giorgia,Baker,1964,165.129,96.2495,66483
Riane,Hogan,2004,154.865,55.3184,74706
Abbi,Watkins,2006,154.889,80.1888,38077
Marice,Pritchard,1972,172.063,52.7009,69432
Annaliese,Bland,1977,161.794,78.4317,74406
Allis,Thomson,2007,158.075,99.8656,62868
Angelle,Watson,1992,190.661,68.5994,39459
Nara,Weiner,2005,194.434,82.8063,50716
Verna,Logan,1962,169.142,83.4965,39719
Guillema,Butler,1963,177.479,63.0069,71606
Conchita,Lowry,1977,195.691,64.6404,46324
Bunnie,Strickland,1951,187.441,78.8491,71028
Dorisa,Cates,1957,170.031,68.9527,71950
Isobel,Bowden,1991,176.027,58.3515,56704
Raquela,Byrd,1952,174.39,69.4907,56933
Berenice,Weiner,1993,183.527,64.5958,72214
Tabina,Sloan,1962,177.736,73.3296,58691
Sophie,Blackwell,1957,195.552,92.6016,54593
Sophronia,Pittman,2002,162.615,81.5338,57984
Kym,Lloyd,1992,165.97,54.8893,46927
Edin,Townsend,1952,188.455,95.7516,58751
Merrily,Werner,2006,156.659,83.225,46968
Aeriel,Strauss,1982,157.568,74.3643,60972
Marybelle,Clapp,2003,165.692,77.5798,79843
Conni,Byers,1966,175.506,96.017,41035
Corrie,Rowland,1979,175.383,51.4709,69008
Frances,Rollins,1958,153.378,94.416,35260
Jaquelin,Thornton,1973,152.294,96.9862,70766
Klarika,McKinney,1990,153.979,87.2618,54968
Retha,Hicks,2000,193.164,91.3699,46721
Dorisa,Goldberg,2010,152.883,62.2188,53307
Cecil,Cameron,1985,156.093,79.498,72826
Cicely,Peacock,1985,173.186,75.7077,49176
Fiann,Decker,1962,165.394,93.2691,78150
Emmalynn,Knox,1985,189.722,74.103,73193
Mireielle,Wells,1951,183.726,64.3007,47796
Adaline,Williford,1995,158.887,83.0037,35552
Lilla,Cline,1950,180.154,72.4247,54531
Karyl,Coble,1985,178.443,65.9419,58129
Annabal,Tyler,1975,163.101,66.1636,41285
Junia,Huffman,1989,165.651,72.4588,62818
Meagan,Womble,1964,162.135,86.4948,31385
Kassia,Brooks,1972,176.913,91.6629,31602
Eulalie,Henderson,1983,154.7,53.5028,39456
Almeria,Gordon,1970,165.09,79.361,32499
Dianna,Sumner,1998,153.344,58.0628,48424
Joya,Ford,1955,174.071,72.5183,65516
Kameko,Gordon,1988,154.483,58.268,52140
Chlo,Holder,1963,151.456,53.6468,34117
Angel,Green,1997,159.46,89.3,76290
Odette,O'Neill,1998,159.571,95.9148,40106
Lidia,Fox,1998,166.939,95.3803,71346
Merrielle,Chappell,1987,176.406,76.1928,65841
Dacia,Cowan,1995,180.268,92.8203,34379
Lilias,Nicholson,1957,165.824,76.0261,50322
Correna,Rao,1965,175.815,70.9698,71528
Grissel,Goldstein,1989,184.705,80.1862,42149
Bette-Ann,Singh,1995,166.207,56.1453,55078
Babbie,English,1998,162.37,58.8362,68719
Erinn,Beasley,1990,170.886,82.3929,56080
Jsandye,Copeland,1999,184.944,80.2859,43508
Phedra,Craven,1964,173.803,68.5731,61325
Kessia,Pierce,1952,193.821,60.3834,57716
Karoline,Moon,1962,198.179,58.7242,65314
Bernadette,Lowe,1978,157.399,78.4003,43902
Sharl,Stokes,2010,173.154,90.2778,46151
Hetty,Covington,1955,174.348,72.6742,75589
Giacinta,Barnett,1951,180.452,88.8654,42335
Holli,Lassiter,1965,167.588,98.0308,46090
Genna,James,1980,176.039,96.8688,77541
Jehanna,Helms,1954,191.692,51.8034,54041
Velma,Elmore,1961,177.141,68.6697,71112
Ofella,Knowles,1955,174.499,84.1178,46172
Darda,Eason,1989,182.99,90.5472,62866
Jacinda,George,1995,176.325,94.3904,72549
Melissa,Lim,1954,184.472,91.0038,30125
Marina,Higgins,1982,157.065,56.3927,58944
Roxanna,Kuhn,1984,164.706,84.1271,60299
Arlinda,Hauser,2004,176.245,90.7679,40168
Marjy,Kang,1964,160.991,65.2392,34605
Klara,Sinclair,1960,174.308,74.391,62073
Lonni,Kern,1993,192.226,61.6083,35358
Kirbie,Goodman,2003,190.792,94.8759,79071
Rosalia,Wright,2006,182.233,69.1713,37005
Lizbeth,Spencer,2005,180.462,86.4693,79716
Melany,Reddy,1972,165.382,77.6572,42614
Tamiko,Cohen,1995,191.806,73.6108,51027
Martie,Wilcox,1994,177.602,96.7502,74343
Franky,Rosen,2007,154.907,55.1336,39094
Dalia,Richards,2007,155.488,50.5631,40697
Betteann,Fitzgerald,1975,193.415,59.5294,65292
Annmarie,Morton,1984,156.778,87.2721,30111
Ina,Crews,1995,180.72,56.8202,61334
Dell,Wilkinson,1993,190.828,72.8003,58337
Lorilee,Burke,1997,188.998,61.5078,78538
Fey,Drake,1976,155.025,94.5847,34528
Sayre,O'Connor,1990,160.926,71.2872,74893
Lonna,Newman,1961,196.981,83.5318,55515
Gwendolin,Fitzgerald,1964,172.466,74.7986,67414
Christiane,Olson,1991,167.083,70.6038,37128
Ardelle,Silverman,1997,167.369,70.0719,53812
Fianna,Mitchell,1981,176.035,81.7731,57450
Pammy,Holmes,1984,197.362,59.6295,43619
Dorette,Crane,2004,170.382,73.4845,45298
Cynthie,Mathews,1958,164.154,59.5044,34506
Gillian,Joyce,1977,175.198,75.7714,58060
Lizbeth,Stanley,1987,199.959,87.8497,60248
Britni,Lopez,1963,178.173,96.4934,65753
Shelia,Hardin,1973,162.613,50.8479,73510
Dorie,Fisher,1965,180.817,70.6383,78638
Francoise,Kerr,2000,169.568,58.6438,65546
Elysee,Moser,1967,175.62,74.363,62266
Mair,Newton,1974,157.392,60.6777,78322
Norina,Hurst,1961,168.63,72.7485,39430
Alameda,Foley,1991,190.751,83.2178,32325
Francyne,Horner,1972,171.949,89.9034,66617
Vinni,Sparks,1969,170.795,81.9278,71683
Christye,Mayo,1952,175.921,91.9002,51784
Ludovika,Hubbard,1973,151.202,80.7186,32521
Kiersten,Livingston,2002,196.936,90.1469,63138
Latia,Ferguson,2010,194.669,71.5287,63469
Leslie,Dawson,1988,176.292,68.1765,53055
Dela,Peck,2006,153.273,93.2477,70115
Kendra,Dixon,1971,181.424,67.6116,58572
Constantine,Pollock,2002,169.208,74.2405,63839
Sharron,Strickland,1993,193.071,57.1838,79776
Elfreda,Hutchinson,2009,157.764,53.9119,57783
Kara,Dougherty,1959,187.641,73.7133,61232
Jacqueline,Hall,2004,183.626,57.7828,72558
Jemimah,Simpson,1980,152.969,57.4453,71697
Audry,Braswell,1958,174.872,73.0356,37526
Collen,Lanier,1994,166.631,75.5499,50807
Catherina,O'Donnell,1969,194.63,68.1471,47536
Kari,Silver,1954,178.63,85.8888,58948
Rivkah,Vogel,1996,184.812,59.3272,50224
Hazel,Chappell,2007,180.011,86.3877,60986
Cahra,Stallings,1978,155.026,94.2608,63601
Charo,Whitfield,2009,193.485,62.3562,63541
Tommi,Holland,2009,183.599,64.3298,32858
Ysabel,McPherson,1982,198.069,70.2604,76248
Merrili,Elmore,1969,156.116,80.7993,76931
Philomena,Siegel,1950,195.803,65.4408,60671
Merle,Anderson,2002,172.958,56.1753,73429
Alina,Collins,1956,170.599,81.0274,45245
Ethel,Cochran,1999,158.403,58.5117,61400
Tiphany,Fletcher,1987,187.046,73.6668,78735
Steffi,Ray,1999,194.482,63.8698,62764
Carmita,Davidson,1954,156.251,54.6037,56442
Leelah,Kennedy,2008,157.145,96.5888,54703
Rochell,White,1995,187.825,58.1506,33182
Guenevere,Chan,1973,170.481,99.7574,66710
Oneida,Stafford,1981,162.33,72.5934,65291
Margy,Harrison,1953,196.039,55.0538,66504
Nevsa,Brock,1981,193.7,75.5404,33797
Collette,Bush,1997,155.845,73.9591,53177
Winnie,Sun,1960,189.749,55.0536,69365
Minda,Neal,1972,166.84,57.1891,38464
Mozelle,Lopez,1967,177.653,57.0261,38080
Linell,Lynch,1961,152.825,71.136,45364
Eda,Greer,1996,167.486,56.0181,67386
Birgitta,Hart,1994,159.095,96.5897,74456
Vonni,Montgomery,1961,184.321,69.0763,36402
Elga,Kang,1981,152.26,56.928,78415
Bekki,Woods,1958,190.484,70.4503,75468
Anne-Corinne,Lowry,1978,195.288,71.8486,39937
Gwenore,Sanders,1982,182.936,90.4783,34735
Hyacinthe,Li,1989,180.18,94.5135,49771
Karoly,Banks,1957,159.959,55.4948,35166
Talya,Heller,1976,164.322,60.9183,76876
Bevvy,Stephens,1990,189.687,58.5547,38041
Sher,Gentry,1998,152.603,83.488,73315
Brianna,Chan,1984,167.384,61.5578,32643
Guglielma,Savage,2010,199.477,84.9973,42571
Micki,Clapp,1990,174.974,55.5683,59506
Bellina,Puckett,2003,193.039,62.4432,48451
Bibbie,Herman,1961,180.312,74.048,32650
Ava,Desai,1961,178.388,97.3057,45557
Rachael,Heath,1997,176.957,80.3554,78911
Leontine,Gold,1963,156.165,73.7227,78958
Riane,Fernandez,1974,198.987,92.0512,40904
Sheree,Harris,1979,181.549,86.6515,57837
Nichole,Cooke,1950,177.61,83.1088,78612
Cesya,Braun,1981,170.023,51.7466,42722
Dolores,Bynum,2010,150.535,64.5408,45500
Lorenza,Kahn,1962,188.077,85.968,76244
Dedra,Vaughan,2009,159.8,62.2094,61535
Kata,Kent,1973,157.635,89.814,49538
Caroline,Silver,1951,198.385,79.5026,60850
Kamillah,Quinn,1960,182.581,98.2997,56427
Brynne,Lopez,2010,166.915,97.6177,41932
Arabele,Bender,1961,155.479,52.5494,37671
Raven,Field,1960,168.491,52.3975,64076
Alverta,Browning,2003,157.78,65.3863,34910
Sianna,Bullard,1961,191.694,94.375,50459
Jacquenetta,Bryant,1970,157.14,66.2078,31718
Olympe,McGee,2000,157.804,84.6974,62350
Carmella,Rankin,2001,164.905,83.2218,68940
Reeba,Allison,1950,172.819,51.6751,61762
Benoite,Hammond,1957,192.069,64.3909,46390
Lynne,Herring,2007,174.839,50.1444,35241
Lorilyn,Barnes,2001,172.577,64.4414,37112
Emmaline,Walsh,1969,195.19,83.9365,77149
Jessa,Alexander,1992,178.275,88.2709,45125
Gloriane,Stern,1958,189.135,61.2441,35919
Ailee,Fink,1989,155.506,91.67,68592
Terrie,Nelson,2009,171.713,87.9573,31016
Melba,Capps,1993,167.23,74.7103,62020
Phaidra,Reddy,1967,179.263,93.1553,50444
Shirline,Finley,1975,178.935,73.2229,41434
Lesly,Byrd,1958,154.999,91.5166,39674
Rosamond,Sun,1986,185.339,81.7491,69505
Fifine,Gibbs,1977,163.806,62.8273,53145
Joelynn,Reddy,1984,192.428,99.6548,65731
Laurella,Peck,1951,195.331,74.8815,70735
Alberta,Gallagher,1981,154.587,80.3736,64347
Madelina,Sweeney,1951,184.537,81.5672,42963
Rivi,Ashley,2008,199.561,59.6585,74655
Fayina,Dean,1975,169.337,62.9401,51619
Madella,Goldman,1965,193.577,83.7659,54803
Patrizia,Elliott,2002,192.714,74.4781,49940
Alissa,Bryan,1979,188.731,63.8832,47676
Oralle,Rao,1967,176.051,77.8771,72181
Bethanne,Benson,1962,197.122,66.142,54832
Kirsten,Hernandez,1987,162.282,63.1035,46425
Florie,Meadows,2006,164.438,96.6602,74454
Wynn,Oh,1961,158.137,88.8954,36234
Manda,Stanley,1954,160.346,55.5707,76946
Kimberley,Wang,1971,159.416,69.113,57774
Delila,Keith,1978,185.65,99.1004,52040
Marion,Simpson,1953,182.206,84.8026,63263
Cristina,Sanders,2006,167.138,63.1077,48477
Tabbie,Graves,2009,171.315,91.1456,55242
Bertine,Lehman,2000,182.23,61.8621,37765
Amye,Helms,1991,176.502,63.7881,63014
Gertrude,Briggs,1974,191.238,53.9134,43065
Briny,McMillan,1966,174.188,56.7273,56272
Ondrea,Webb,2001,164.32,67.4469,40866
Barbabra,McClure,1990,153.03,69.1276,62906
Agata,Hawley,1959,175.109,83.3152,53088
Binny,Katz,1981,157.859,71.1742,79318
Devinne,Higgins,1995,177.292,98.9057,34648
Marcy,Wise,1957,161.691,62.9769,77887
Edee,Thornton,1980,161.33,71.8486,39677
Trish,Bunn,1995,171.287,79.6824,60759
Klara,Hatcher,1995,161.398,66.249,54224
Jessa,Harding,1999,175.171,54.7825,44437
Honey,Rosen,1988,172.474,94.0894,48259
Elisha,Walters,1961,152.896,58.8837,31051
Adeline,Dickens,2006,186.888,70.0699,34959
Valina,Wood,1954,192.474,76.5478,57540
Liz,Dickinson,1983,181.547,86.8935,30699
Bonita,Cho,1961,178.78,96.4518,55062
Lesya,Pearson,1965,174.897,99.9115,57152
Nikaniki,Clarke,1992,155.378,57.2256,55550
Blanca,Watts,1958,186.374,84.3975,32755
Marylynne,Heller,1997,165.585,94.3318,65091
Theresa,McMahon,2001,174.737,90.2797,43962
Shaylynn,Young,1978,163.303,84.4942,72273
Cybil,Kuhn,1974,179.824,89.0024,68547
Brandise,Russell,1953,198.081,72.5122,58745
Margi,Branch,1997,198.256,80.4005,72749
Ainslee,Wilkinson,1985,189.546,54.9241,51260
Constancy,Dean,1968,186.946,59.6931,72357
Ileane,Chen,2005,183.076,71.5461,75100
Beverley,Sherrill,2010,183.332,89.6887,74237
Daryl,Meyer,1965,170.652,66.3784,52960
Merna,Dalton,1972,195.338,92.4065,73462
Alyse,Christensen,1976,194.82,90.9083,68674
Ddene,McPherson,1986,193.953,60.2313,64533
Tricia,Brock,1987,165.503,81.8021,70216
Leonelle,Joseph,1993,160.215,75.3447,70524
Tammi,Bridges,1998,193.743,80.9978,76642
Sella,Underwood,1962,173.996,71.3918,79673
Helaina,Snow,1999,156.687,91.3544,54059
Coretta,Bradley,1989,199.972,77.9297,67749
Valentina,Fitzpatrick,1975,179.146,98.8162,62227
Norean,Little,1951,160.626,56.0087,64705
Elie,Lancaster,1979,160.148,84.1018,56559
Collete,Hood,1965,183.415,68.0074,70015
Celle,Wise,1988,152.024,56.0844,34650
Claudette,Turner,2005,191.065,64.5591,58637
Christabel,Siegel,2003,199.435,97.8394,63553
Betsey,Sanchez,1999,197.641,94.3293,61989
Hanny,Griffin,2010,185.41,97.5901,53913
Geraldine,Winstead,1987,157.881,55.3253,73964
Dorena,Currin,1981,166.346,91.7312,47120
Sandi,Friedman,1969,178.008,54.2697,52179
Devonna,Teague,1973,189.124,89.5441,53642
Alikee,Lutz,2008,180.412,96.3293,45968
Sorcha,Burnett,1978,171.197,82.1459,51098
Inge,Powers,1986,164.971,90.8753,69982
Etty,Barbour,1980,199.161,88.6149,61657
Lanae,Copeland,1956,160.604,87.5201,43881
Bria,Clarke,1958,156.696,81.6887,47737
Maia,Hunt,2010,186.321,73.5015,33282
Silvia,Mills,1958,164.875,60.879,48000
Valida,Connolly,1953,154.585,84.9341,62992
Franny,Olsen,1974,164.058,61.0632,71557
Trenna,Nance,1982,197.711,71.315,75264
Janela,Khan,1953,190.742,76.1064,72217
Nady,Kern,1955,172.878,64.2616,74938
Denys,Matthews,2005,175.724,62.6493,63111
Daniele,Reid,1966,175.553,93.9467,68623
Gertruda,Barber,1965,165.383,59.0167,64722
Cymbre,Ball,1981,169.297,99.7373,66546
Ira,Cates,2002,172.95,66.5242,79762
Katuscha,Barrett,1954,190.74,90.5737,41909
Charla,Beasley,1997,158.066,63.2366,39799
Marguerite,Buck,1965,193.978,82.5394,51093
Laurie,Cain,1953,158.284,73.4894,51016
Masha,Vaughan,1970,177.599,65.3239,72751
Theresina,Vincent,1964,194.458,83.4115,60526
Millisent,Stafford,1954,159.28,63.561,57425
Eula,Liu,1996,171.416,70.7043,67124
Charla,Goldman,1975,193.665,58.3136,34484
Prisca,Hines,1952,179.767,93.706,66181
Jacquenette,Abbott,2005,194.762,99.0627,34664
Dagmar,Gilliam,1951,175.555,97.6217,43125
Gale,Heath,1970,184.535,51.4666,63391
Jennica,Duncan,1984,193.171,63.5007,74161
Vinni,Strickland,2009,194.189,60.7031,41277
Hope,Randall,1978,177.684,72.0052,34925
Cassey,Goldman,1956,173.275,99.4865,45810
Susanna,Olsen,1987,199.801,96.0564,47231
Jacinda,Bean,1951,165.224,52.4684,65240
Lishe,Watts,1992,172.465,73.8755,79917
Koo,Boyer,1977,185.749,96.8585,67026
Ellette,Fox,1993,150.877,55.6941,78369
Karyn,Hansen,1978,183.081,77.384,51975
Dyann,Livingston,1966,157.721,58.5181,57554
Dulcinea,Cobb,2006,171.304,76.7733,50071
Becki,Harrington,1980,180.348,51.1417,74661
Shelley,Lewis,1958,197.013,74.4739,30834
Barbara,Crane,2007,182.715,58.8135,45098
Gwenora,Horner,1974,161.853,89.6439,39317
Rosemonde,Chandler,1984,168.461,67.0263,71130
Simone,Burgess,2010,153.566,79.6754,48546
Sophie,Hendricks,1980,199.885,54.1943,54202
Lani,Todd,2010,177.286,83.7976,77537
Adan,Wiley,1965,166.263,69.1632,52064
Jacquelin,Stanton,1982,160.954,80.1444,51012
Latrina,Cameron,1989,191.58,72.9974,60798
Kathleen,Farrell,1986,181.057,72.8907,67629
Mela,Knight,1994,153.188,73.6482,57427
Sonnie,Corbett,2005,169.417,76.161,32384
Ninnette,Barefoot,2005,187.596,94.4935,77573
Valaree,Barnes,1995,160.88,93.8811,56071
Tersina,Grant,1987,164.909,70.1189,40408
Eddi,Cannon,1999,191.706,82.1696,53339
Dian,Gorman,1987,153.027,61.0786,79983
Krystle,Schwartz,1963,199.492,65.7697,53803
Meggi,Helms,1987,171.077,63.8293,63719
Victoria,Waters,1955,179.391,90.8661,78041
Stephenie,Pratt,1997,171.421,68.7704,51683
Shelley,Cross,1993,188.742,63.4965,33898
Marcela,Pate,1952,159.288,74.3434,35459
Dorree,Clark,1956,151.522,69.2339,75533
Johannah,Schmidt,1994,179.669,89.4018,73379
Sianna,Galloway,2010,180.329,75.5493,42836
Isabelle,Love,1997,155.291,94.3835,56567
Ainslie,Crabtree,1978,170.865,76.3145,70391
Noemi,Marcus,1966,162.673,67.7588,44400
Lara,Burke,1962,196.961,50.6034,62150
Carlynne,White,1976,174.013,81.0336,37256
Shannah,Cohen,1996,182.061,65.2389,40974
Daisy,Hardin,1969,177.372,76.7422,68860
Sarajane,Bender,1982,164.819,98.6205,66577
Jacquetta,Price,1986,186.347,57.2945,57429
Celinka,Patton,1999,154.02,91.4462,59079
Jyoti,Merritt,2005,187.403,95.7255,30933
Tabbie,Collier,1988,170.791,93.5761,46153
Cathe,Melvin,1998,161.93,59.8625,49680
Gert,Jenkins,2006,195.485,86.5977,30844
Sammy,McDowell,2009,180.052,57.7352,33592
Noelani,Olsen,1981,162.278,73.2029,43220
